<?xml version="1.0" encoding="UTF-8"?>
<project-private xmlns="http://www.netbeans.org/ns/project-private/1">
    <editor-bookmarks xmlns="http://www.netbeans.org/ns/editor-bookmarks/2" lastBookmarkId="0"/>
    <open-files xmlns="http://www.netbeans.org/ns/projectui-open-files/2">
        <group>
            <file>file:/C:/Users/mustafa/Documents/NetBeansProjects/CarRentalSystem/src/newpackage/Frm_Corporate.java</file>
            <file>file:/C:/Users/mustafa/Documents/NetBeansProjects/CarRentalSystem/src/newpackage/Frm_CorporateAddAdvert.java</file>
            <file>file:/C:/Users/mustafa/Documents/NetBeansProjects/CarRentalSystem/src/newpackage/IFindRange.java</file>
            <file>file:/C:/Users/mustafa/Documents/NetBeansProjects/CarRentalSystem/src/newpackage/Frm_CorporateLogin.java</file>
            <file>file:/C:/Users/mustafa/Documents/NetBeansProjects/CarRentalSystem/src/newpackage/Frm_AdminForgotPassword.java</file>
            <file>file:/C:/Users/mustafa/Documents/NetBeansProjects/CarRentalSystem/src/newpackage/Frm_AdminUpdateUser.java</file>
            <file>file:/C:/Users/mustafa/Documents/NetBeansProjects/CarRentalSystem/src/newpackage/Frm_CustomerLogin.java</file>
            <file>file:/C:/Users/mustafa/Documents/NetBeansProjects/CarRentalSystem/src/newpackage/Frm_AdminDeleteUser.java</file>
            <file>file:/C:/Users/mustafa/Documents/NetBeansProjects/CarRentalSystem/src/newpackage/Frm_CorporateAddPickupAdvert.java</file>
            <file>file:/C:/Users/mustafa/Documents/NetBeansProjects/CarRentalSystem/src/newpackage/Frm_Admin.java</file>
            <file>file:/C:/Users/mustafa/Documents/NetBeansProjects/CarRentalSystem/src/newpackage/Frm_AdminHirerList.java</file>
            <file>file:/C:/Users/mustafa/Documents/NetBeansProjects/CarRentalSystem/src/newpackage/User.java</file>
            <file>file:/C:/Users/mustafa/Documents/NetBeansProjects/CarRentalSystem/src/newpackage/Frm_Customer.java</file>
            <file>file:/C:/Users/mustafa/Documents/NetBeansProjects/CarRentalSystem/src/newpackage/Frm_AdminShowAdverts.java</file>
            <file>file:/C:/Users/mustafa/Documents/NetBeansProjects/CarRentalSystem/src/newpackage/Frm_AdminDeleteCarAdvert.java</file>
            <file>file:/C:/Users/mustafa/Documents/NetBeansProjects/CarRentalSystem/src/newpackage/Frm_CorporateSignUp.java</file>
            <file>file:/C:/Users/mustafa/Documents/NetBeansProjects/CarRentalSystem/src/newpackage/Welcome.java</file>
            <file>file:/C:/Users/mustafa/Documents/NetBeansProjects/CarRentalSystem/src/newpackage/Frm_CustomerForgotPassword.java</file>
            <file>file:/C:/Users/mustafa/Documents/NetBeansProjects/CarRentalSystem/src/newpackage/Frm_AdminAddUser.java</file>
            <file>file:/C:/Users/mustafa/Documents/NetBeansProjects/CarRentalSystem/src/newpackage/Frm_CustomerUpdateCustomerInformation.java</file>
            <file>file:/C:/Users/mustafa/Documents/NetBeansProjects/CarRentalSystem/src/newpackage/Frm_CorporateUpdateCorporateInformation.java</file>
            <file>file:/C:/Users/mustafa/Documents/NetBeansProjects/CarRentalSystem/src/newpackage/Frm_CustomerRentVehicle.java</file>
            <file>file:/C:/Users/mustafa/Documents/NetBeansProjects/CarRentalSystem/src/newpackage/Frm_CorporateAddSedanAdvert.java</file>
            <file>file:/C:/Users/mustafa/Documents/NetBeansProjects/CarRentalSystem/src/newpackage/Vehicle.java</file>
            <file>file:/C:/Users/mustafa/Documents/NetBeansProjects/CarRentalSystem/src/newpackage/Frm_CorporateForgotPassword.java</file>
            <file>file:/C:/Users/mustafa/Documents/NetBeansProjects/CarRentalSystem/src/newpackage/Frm_CorporateAddSUVAdvert.java</file>
            <file>file:/C:/Users/mustafa/Documents/NetBeansProjects/CarRentalSystem/src/newpackage/Frm_AdminLogin.java</file>
            <file>file:/C:/Users/mustafa/Documents/NetBeansProjects/CarRentalSystem/src/newpackage/Frm_CustomerSignUp.java</file>
            <file>file:/C:/Users/mustafa/Documents/NetBeansProjects/CarRentalSystem/src/newpackage/Frm_AdminUpdateContract.java</file>
        </group>
    </open-files>
</project-private>
